Column.MAE,Column.MSE,Column.NRMSE,Column.GLOBAL_STEP,Column.EPOCH
406250.3125,165039308800.0,-19423.66015625,0,-1
406250.46875,165039439872.0,-19499.017578125,1,-1
406249.875,165038964736.0,-19667.111328125,2,-1
406250.0625,165039095808.0,-19316.439453125,3,-1
