Column.MAE,Column.MSE,Column.R2,Column.NRMSE,Column.GLOBAL_STEP,Column.EPOCH
406286.1875,165068472320.0,-6636765184000.0,37691.21875,0,-1
406286.96875,165069111296.0,-6897015980032.0,37456.87890625,1,-1
