Column.MAE,Column.MSE,Column.NRMSE,Column.GLOBAL_STEP,Column.EPOCH
406321.03125,165096783872.0,10150.5849609375,0,-1
406314.4375,165091442688.0,10304.9365234375,1,-1
406308.90625,165086953472.0,10223.6767578125,2,-1
406309.5625,165087461376.0,10289.1826171875,3,-1
