Column.MAE,Column.MSE,Column.NRMSE,Column.GLOBAL_STEP,Column.EPOCH
406269.875,165055217664.0,-44205.3125,0,-1
406270.1875,165055463424.0,-45019.60546875,1,-1
406263.0,165049614336.0,-45189.97265625,2,-1
406262.875,165049499648.0,-45272.5390625,3,-1
